dosya_adi,tarih_saat,etiket
maskesiz_20250628_133454184519.jpg,20250628_133454184519,maskesiz
maskesiz_20250628_133454424875.jpg,20250628_133454424875,maskesiz
maskesiz_20250628_133454533421.jpg,20250628_133454533421,maskesiz
maskesiz_20250628_133455038720.jpg,20250628_133455038720,maskesiz
maskesiz_20250628_133455713715.jpg,20250628_133455713715,maskesiz
maskesiz_20250628_133455811316.jpg,20250628_133455811316,maskesiz
maskesiz_20250628_133456020652.jpg,20250628_133456020652,maskesiz
maskesiz_20250628_133456302562.jpg,20250628_133456302562,maskesiz
maskesiz_20250628_133456647597.jpg,20250628_133456647597,maskesiz
maskesiz_20250628_133456757111.jpg,20250628_133456757111,maskesiz
maskesiz_20250628_133456874807.jpg,20250628_133456874807,maskesiz
maskesiz_20250628_133456981582.jpg,20250628_133456981582,maskesiz
maskesiz_20250628_133457102633.jpg,20250628_133457102633,maskesiz
maskesiz_20250628_133457216618.jpg,20250628_133457216618,maskesiz
maskesiz_20250628_133457329407.jpg,20250628_133457329407,maskesiz
maskesiz_20250628_133457429609.jpg,20250628_133457429609,maskesiz
maskesiz_20250628_133457593495.jpg,20250628_133457593495,maskesiz
maskesiz_20250628_133458493406.jpg,20250628_133458493406,maskesiz
maskesiz_20250628_133458899777.jpg,20250628_133458899777,maskesiz
maskesiz_20250628_133459064748.jpg,20250628_133459064748,maskesiz
maskesiz_20250628_133459336842.jpg,20250628_133459336842,maskesiz
maskesiz_20250628_133459853970.jpg,20250628_133459853970,maskesiz
maskesiz_20250628_133459966728.jpg,20250628_133459966728,maskesiz
maskesiz_20250628_133500095384.jpg,20250628_133500095384,maskesiz
maskesiz_20250628_133500228880.jpg,20250628_133500228880,maskesiz
maskesiz_20250628_133500340582.jpg,20250628_133500340582,maskesiz
maskesiz_20250628_133500469383.jpg,20250628_133500469383,maskesiz
maskesiz_20250628_133500587511.jpg,20250628_133500587511,maskesiz
maskesiz_20250628_133500707918.jpg,20250628_133500707918,maskesiz
maskesiz_20250628_133500866518.jpg,20250628_133500866518,maskesiz
maskesiz_20250628_133500964875.jpg,20250628_133500964875,maskesiz
maskesiz_20250628_133501100776.jpg,20250628_133501100776,maskesiz
maskesiz_20250628_133501202504.jpg,20250628_133501202504,maskesiz
maskesiz_20250628_133501715132.jpg,20250628_133501715132,maskesiz
maskesiz_20250628_133503717816.jpg,20250628_133503717816,maskesiz
maskesiz_20250628_133504674061.jpg,20250628_133504674061,maskesiz
maskesiz_20250628_133504810238.jpg,20250628_133504810238,maskesiz
